type,id,parent_id,title,author,content
post,1ac65a9e4188f69f8b17,,how risky is getting packages sent to the USA from other countries?,pandadaddy,Curious because most speed vendors are eu base or in Germany and im in america.  What's the best way to go about it?
comment,c-042759dbec1a35d9a0,1ac65a9e4188f69f8b17,,Phobos36,Edit: nevermind i just misread the post. Avoid anything from Germany/the Netherland at all cost.
comment,c-1fec40945d6cacde9c,1ac65a9e4188f69f8b17,,witch,"Use the handful of speed vendors in the US. If you order international, I would bet anything that you'll receive a love letter from US Customs and no speed. I understand the price difference makes it tempting. Don't fall for it. I would recommend finding another stimulant, stick to the domestic speed vendors, or find a way to get real Amphetamine (adderall) for cheaper than it tends to be on the markets (most real domestic pharma stuff is overpriced as fuck online, you're better off finding someone local who knows the right people if you can. some people will pay $15 for a single 30mg IR tablet, if I cared to I could get full month's script for 50 or so. Just depends, could be anyone.)"
comment,c-2e8973e894e623b695,1ac65a9e4188f69f8b17,,miner21,Ask the vendor what their success rate is? I imagine a good vendor is successful
comment,c-5f959ef17f7345daca,1ac65a9e4188f69f8b17,,natethedrake,"I have done it several times successfully, but I would not recommend it. All of my orders were in envelopes and did not ship from hot origins like Holland or Germany."
comment,c-b9e1d50a2cf94857da,c-ea1735d4d0fc8042cd,,pandadaddy,Ahh see i didnt know this.. is there a list of country's I should avoid?  And if so where can I find it?  Thanks you!
comment,c-ea1735d4d0fc8042cd,1ac65a9e4188f69f8b17,,GhostShelf,"Germany is considered a high-risk country, similar to the Netherlands and any country in Africa or South America."
post,139ab47211d264cfc22b,,Is Elysium market down or something,PyroIP,"I used to get on Elysium all the time and now no matter what link i try most of them dont even go to the login screen and then when like one of them does, it doesnt let me login, i created a new account and everything, I dont understand, is anyone else having this problem"
comment,c-dbac32abf5b681b5ca,c-e5bbc541d1993eb917,,ATNT,/post/ac2da33af48b50b9c72c
comment,c-e5bbc541d1993eb917,139ab47211d264cfc22b,,CanMakeItHappen,"I have been trying to log in for the last 5 hours :(  i hope the site is back up soon   anyone know whats going on?"
comment,c-e9240cf5dfafe9dc47,c-ee974e2960dedf58c4,,warpzoneworld1,"Can't the less popular be given a chance  When will they ever get popular  Yeah I know this will get downvoted  And people will come and call me retard just for not sharing same opinions with them Let the new markets grow dread community members are making that or it practically impossible  But are ready to endorse any market their friends make"
comment,c-ee974e2960dedf58c4,139ab47211d264cfc22b,,PursuitOfBud,"Idk tbh i just use arch or abacus to buy weed, they're the 2 most popular for now"
comment,c-1d85bec701ab85897d,c-54839b4d0cea87b55d,,nigga,"URLs are offline, he keeps putting new ones on dread and I will keep turning them off gladly."
comment,c-54839b4d0cea87b55d,139ab47211d264cfc22b,,TorDotRun,/post/ac2da33af48b50b9c72c
comment,c-69a14b5bfc2076bbf0,c-157e1e234febb22902,,Idiot420,"Yeah same. I had luck on Tuesday with one link, but was I unable to log on yesterday and today to see if it was shipped.  None of the abacus, drug hub, or archetype links are working for me"
comment,c-157e1e234febb22902,c-33eefdc88f8881ad64,,banditman,It gives me the same exact error. That one link was giving me the same error the other day too. I think they configured it wrong or something. Its always that one link equr exad.
comment,c-33eefdc88f8881ad64,139ab47211d264cfc22b,,Idiot420,"im having the same issue  even the url ending in exad from their latest post doesnt work. I can load it, but when I enter the 4 first and last digits it says I did it wrong, even though Ive done it correct"
comment,c-2360bc4adab4a9e572,139ab47211d264cfc22b,,nigga,Yes and it will stay offline until he learns some respect and maybe learns how to code a proper anti-ddos.
comment,c-82c2c5a4cee59c2549,139ab47211d264cfc22b,,jake0126,"yeah me too, it was down last week for a 12 hours or so then popped back up. so just be patient. probably undergoing maintenance or someting."
comment,c-52210579d899aedfd2,139ab47211d264cfc22b,,Thaddeus,Still down for me
comment,c-4c182978988bd3199b,c-602af20ae197324252,,PyroIP,thank you sir
comment,c-602af20ae197324252,139ab47211d264cfc22b,,ax3lcomx,"dont know whats going on, but if u looking for digital stuff i found this market Inaccess.biz ,with bunch of well known vendors."
comment,c-9c370641a70f14421b,c-080ef897f4cab7b168,,ElysiumMarket,Fixed on dev server should be live in 10 minutes.
comment,c-080ef897f4cab7b168,139ab47211d264cfc22b,,unknown24,same experience despite the last link being posted on dread guess by the one of the stuff still can't get the captcha of first and last 4 before dot onion. cant get through. I'm sure is under attack or phishing DDOs something.
comment,c-9e6cb6dde4a244d6cd,139ab47211d264cfc22b,,PyroIP,thanks everyone
comment,c-42b8a8c972a419ee9b,139ab47211d264cfc22b,,OGMat3,"Hey bro,  I always have issues with Elysium, but i usually try later during the day and it works. Today I was not able to log in during the morning but now I was able too.."
comment,c-e0b3422e0e74f6bb00,139ab47211d264cfc22b,,ElysiumMarket,Check the sicked topic on the Elysium sub Dread.
comment,c-f5dad6d28d75d634f9,139ab47211d264cfc22b,,PyroIP,"yea it worked finally a couple hours ago, hope all is well, thanks."
comment,c-e1ef8fd23f4729afb3,c-5a093cb5050b647339,,AutoModerator,See /d/Archetyp for updates  This comment was posted automatically by a bot. All AutoModerator settings are configured by individual communities. Contact this community's Moderators to have your post approved if you believe this was in error.
comment,c-30598120ed07476ae0,c-5a093cb5050b647339,,jake0126,"Yep i would never actually use Elysium to purchase anything lol, besides just looking at what vendors are on there idk who would actually use it over the markets you just mentioned. especially Archetyp or Abacus. There's just way more listings on both of those. Elysium has like 50-100 listings per categories if that?"
comment,c-84534e0272866b5696,c-5a093cb5050b647339,,ElysiumMarket,There was an issue with one mirror now fixed.
comment,c-5a093cb5050b647339,139ab47211d264cfc22b,,HiCap,"yes I have had this issue. if you had crypto in your wallet its probably gone already. the only link i use was the one here on dread, funny its the only one that you can get in with. my thoughts move up to archetyp abbicuss darkmatter or drughub"
post,f7bb70dc5d2564b7d4e7,,Newb Help.,hornyvampire,"Hi guys, I've done some research on finding verified buyers, and i guess i've come to the conclusion that there is not a 100% safe place for stuff to be ordered. Have any of you more seasoned guys picked up tips or tricks on finding these more reliable sellers? Or is it more of a just hope and get lucky, or know a guy? I have found blacklists, but all the whitelist you have to pay for, and that could be a scam in of itself. Anyone willing to shed some light on the situation?  Thanks in advance"
comment,c-7bc8bb8ef8eaf294ad,f7bb70dc5d2564b7d4e7,,samwhiskey,"Just use /d/superlist markets, check feedback for vendors on markets and see if any reviews on dread. Also check if the vendor has a dread account and see what the activity is like."
comment,c-342a12e8f677c77445,f7bb70dc5d2564b7d4e7,,maestrodutch,"Just use markets that uses escrow mate never pay first! Check /d/Archetyp"
comment,c-e6004ddd38d6dcb1bf,f7bb70dc5d2564b7d4e7,,biosphere,/d/vendorsuperlist
comment,c-8dea25cb3f0efd818d,c-656134189b8db58e15,,AutoModerator,See /d/Archetyp for updates  This comment was posted automatically by a bot. All AutoModerator settings are configured by individual communities. Contact this community's Moderators to have your post approved if you believe this was in error.
comment,c-656134189b8db58e15,f7bb70dc5d2564b7d4e7,,PotionsNPortals,[removed by moderators]
comment,c-6b6aaafede7abff0dd,f7bb70dc5d2564b7d4e7,,PremiumKannabisEXOTICS,"I would start by going to the hottest market right now (archetyp) Filter what you want, then LOOK at the reviews  and compare to statistics (Archetype even tells you how long it takes for a vendor to accept your order, and also delivery time).  These markets are based in escrow, so vendors dont receive funds until order is finalized, meaning TRUST. We have average time to accept orders in 2-3 h and delivery across the us in 3 days. User will tell you what you need to know on those reviews. Take care of fake reviews (""my order was fast"" when average time is more than a week) Good luck!"
comment,c-fb2dfe3517ff91d999,f7bb70dc5d2564b7d4e7,,AngieJ,"What's the question?  Go to a market. Find a vendor with awesome reviews and good feedback and lots of orders. Place an order. Wait.   Is there something I am missing?"
comment,c-446c09014ac60cdf74,c-ea233d253db1c2bc35,,moneyghost,"Infact my first time in darknet I purchased without knowing what escrow is and I was never scammed , positivity is what wins the game and attitude"
comment,c-ea233d253db1c2bc35,f7bb70dc5d2564b7d4e7,,moneyghost,"It all depends with the vendor you are dealing with ,it's not even a must to use escrow.....if it's good vendor of you escrow or not you will be scammed ,but if a trustworthy vendor you can even buy something before a bigger price even without escrow and still get your stuff safe 100%"
comment,c-dc3115f0ec48de888d,c-07544b5e5d5291f997,,lorex1718,Never scammed so it all depends with the vendor literally
comment,c-07544b5e5d5291f997,f7bb70dc5d2564b7d4e7,,lorex1718,"Not must use escrow so long as the vendor has some good signs of being open ,I never used escrow I was scammed ."
comment,c-3767ff0da0598520ef,f7bb70dc5d2564b7d4e7,,ThePinkOne,yes i recommend you look for escrow listings and for vendors are operating in your country for instance and also check the feedback of the vendor
comment,c-7fa4b059f5a9538b17,f7bb70dc5d2564b7d4e7,,logpirate,"It depend on the vendor ,of which you have to be extra careful of scammers"
comment,c-32e917c38c0a4232aa,f7bb70dc5d2564b7d4e7,,Thaddeus,Use markets simple
post,fa7bfa8dee009980518b,,How to ship from America to Europe,Scheissenberg,"Hello, some vendors have big problems shipping from America to Europe. They don‚Äôt know how to do it. Can someone explain for them what the best shipping method is, so that they can finally start the shipping? I am waiting for months and there is still no solution"
comment,c-a2d724056c80fd323a,fa7bfa8dee009980518b,,AngieJ,"USPS.   Just make sure it is properly addressed and has enough postage. Don't make it more complicated than it needs to me."
comment,c-7c17ff070f576483ce,fa7bfa8dee009980518b,,BBmohoney,I am interested in this too. With upmost opsec as well.
comment,c-c872a3d23f8d2b876f,c-7018ec1e6850c1683e,,GhostShelf,"Shipping from South America to any country is a bad idea. First, the mail services in South America aren‚Äôt the most reliable. Second, it's well known that many drugs originate from the region, so law enforcement agencies worldwide are highly alert and have strict measures in place."
comment,c-7018ec1e6850c1683e,fa7bfa8dee009980518b,,cycgye,Hi I'm interesting to could start shipping from S America to EU
post,c76dc8353ef96190856c,,Question for Vendors,Halpurt18,I want to start vending but wanted to know first if bonds get returned if you decide to close out the account without making any sales?
comment,c-8de1125fcbb565795f,c76dc8353ef96190856c,,Cannabiz99,Just assume it won't.  Cost of doing business
comment,c-420b3e99f3e25a5893,c76dc8353ef96190856c,,awfulname,Depends on the market. It's safer to assume it won't be returned.
comment,c-9cd8d7b0f6c773fc78,c76dc8353ef96190856c,,PremiumKannabisEXOTICS,"It wont be, its the mst likely and can confirm"
comment,c-6fa874cf314e1de2ac,c76dc8353ef96190856c,,GhostShelf,No. Bonds never come back.
comment,c-42dcad4d48974466a8,c76dc8353ef96190856c,,chefboyarDMT,[removed]
post,1a3293beec314767696e,,Belgium: registered mail for untracked delivery == address burned?,generousdumbass,"Received one of those ""your package requires a signature"" letters today as opposed to my package, which happened in the past but this is very suspicious since I've been waiting to receive three very small orders which should all fit in the mailbox (one from the UK). Does anyone know whether they send love letters in Belgium or whether they try to get you arrested once you sign for the package?  I'm required to use a burner address because my own one has been burnt several years ago, I could try to get something small delivered but last time my family claimed the police visited us regarding an intercepted package (could be BS to stop me from ordering illegal stuff to their address)."
comment,c-bc71fa2811b51f4c92,c-693644fb34746af28f,,generousdumbass,"But if you‚Äôre worried, you can always just not sign for it and ask the vendor if they shipped it with signed mail or not  I would have to fake an ID which is just adding to the offenses they could charge me for so big no, I just messaged all three.  And yes, Belgium does send love letters. Oops, I should have checked for such a letter. Thanks for the info.  I don't think that's a good idea if your info is already in their system for ordering illegal stuff time for a new address It seems like I was able to receive semi-illegal goods (snus) through DHL though? Could be an option in the future, no?"
comment,c-693644fb34746af28f,1a3293beec314767696e,,TorLarp,"Well, it could also just be normal signed mail. But if you‚Äôre worried, you can always just not sign for it and ask the vendor if they shipped it with signed mail or not.  And yes, Belgium does send love letters. From ""Federale Overheidsdienst Financi√´n"" Not sure if that's just for taxes or if it includes drugs too, but I know they send seizure letters.  ""I could try to get something small delivered but last time my family claimed the police visited us regarding an intercepted package (could be BS to stop me from ordering illegal stuff to their address)."" I don't think that's a good idea if your info is already in their system for ordering illegal stuff time for a new address. :p"
comment,c-d2756e0455ff370327,c-80411fe31b01c31524,,TO4D,Thanks for the heads up!
comment,c-ed2cdbca4fdf90de2e,c-80411fe31b01c31524,,generousdumbass,"Tried to look on Telegram, doesn't really seem to be useful for finding NL dealers, groups getting deleted left and right since they arrested its founder. What do people use nowadays then? Signal has an issue with finding the groups."
comment,c-80411fe31b01c31524,c-a71a8f1771c1b51ad8,,pgpfreak,"Yes, NL is the worse. Had a single package inspected before in my life... It was from there. Been saved by epic stealth. Maybe proximity will make it a bit easier for small quantities; but I wouldn't risk anything major. Better get a domestic delivery and cross the border yourself."
comment,c-a71a8f1771c1b51ad8,c-56552f509a6d1df640,,TO4D,I assume that you consider NL to be a red flag country? I always thought that it would be relatively safe to order to Belgium since it's a neighboring country and a lot of regular mail from there enters the country as well.
comment,c-282a6b309f0274efc6,c-56552f509a6d1df640,,generousdumbass,"I'm not under 18 anymore but that's when I started, problem with domestic is that the quality doesn't cut it :P  Several years ago this would've been completely fine (three packages in transit at the same time), I wonder whether checks got stricter?"
comment,c-56552f509a6d1df640,c-a0bbf45a6b9c0db547,,pgpfreak,"Man... you're having three packages in transit at the same time. One from a red flag country, other from outside EU. Not your real address. LE already got your name (supposedly). I wouldn't be surprised if you were under 18. I mean... it's tough luck, but you take a lot of risks, too. You're wise not to go further with a fake ID though. I don't think DHL will cut it. If I were you I'd stick to domestic for a while. Get your own place. Belgium is not the worse. Just find a vendor who won't get you in trouble again."
comment,c-a0bbf45a6b9c0db547,c-8f736d0ff4e33791eb,,generousdumbass,"Amphetamine - Germany Weed - UK Ketamine - NL  Think the second order got me in trouble."
comment,c-8f736d0ff4e33791eb,1a3293beec314767696e,,GhostShelf,What did you order and from which countries?
post,6624334a53ee3faf42c3,,Shipping bufo venom,hnyejanr,"I read that certain substances are more in the crosshairs than others, and I'd imagine that bufo venom is not something that would raise suspicion in comparison.  Do you think one could get away with just a regular mail envelope with international shipping? Thinking it would just go through as a simple vacation letter.  Or which opsec would be advisable? Vacuum seal or mylar needed? Thanks in advance."
comment,c-0d8ed6857f0d704a87,6624334a53ee3faf42c3,,blackhorn19,Vacuum seal is needed
post,b96d7f4085848151166b,,When to split orders?,cloudffvii,"Hey y'all.  Do you have practice that you follow in term of size of orders in one-go?  If I order for couple of friends and it ends up being 1500$ of various drugs. Should I then split in 2 orders or it is suspect only with much larger quantities? Thanks !"
comment,c-37a45bff65ea99e379,b96d7f4085848151166b,,samwhiskey,"If I order for couple of friends  No one in real life should know that you know anything about the darknet. It's literally the first rule of opsec."
comment,c-f3a25132ae8e8977ba,c-f28986389b83c76b65,,pgpfreak,"Nice rundown. To me the choice between 1 and 2 depends on how much I trust the vendor. If we just started business, I'll go for 2. It's best to start with smaller quantities anyway. If I already know the package will come, then 1 is more appropriate. Each order is a dice roll. There's no point in playing twice if you're confident you'll win the first time."
comment,c-f28986389b83c76b65,b96d7f4085848151166b,,DojaDesperado,"There are at least 2 ways to look at it.   1. Fewer packs are better. 2. Don't put all your drugs in one basket.   $1500 may or may not buy you much depending on your taste in substances. If ordering various drugs, unless you find a vendor that carries everything you want, you may be looking at more than 1 pack anyway to get all the things you're looking for.   A good rule to shop by is to only have 1 pack in the mail stream at a time. Once you receive it, everything is good, nothing out of the ordinary, then order the next one.   Additionally, it doesn't hurt to have other legitimate items on the way at the same time as your pack. Ordering a handful of Amazon packages around the same time gives your pack something to blend in with, especially useful if you're ordering regularly."
comment,c-a85b07d02cbdb97b8a,b96d7f4085848151166b,,GhostShelf,"If you're ordering large quantities, you should place multiple orders. If it's a lot of items but in small quantities, one order is fine."
comment,c-805b3ac983fd051c45,b96d7f4085848151166b,,MetAFoe,Don't go with more than four oz. Like that stuff fits in a box üì¨
comment,c-0d2b23bf5d97c4bc89,b96d7f4085848151166b,,blackhorn19,Split into multiple orders bro or it will end up in problem
post,97434834044423057ab2,,Airplane vs. shipping,hnyejanr,"Some people don't seem to have issues with getting bufo venom across borders. Say one was flying from Mexico to central Europe - anyone willing to share best practices for getting a little amount (max. 1g) through security / customs?   Here are three ideas: 1. mixing it with tea, or with dried fruits, like mango or dates  2. mix with stones and copal / incense 3. hide it it behind some battery within a smartphone   Would either method seem suspicious in x-ray or at customs upon arrival?  Or would it be more advisable to use international shipping?  Thank in advance for your inputs!"
comment,c-2448b336fc9fd3f2b4,c-cf6eefae696b4b1de4,,hnyejanr,"thanks for sharing. since bufo is more like a semi-solid plate I have my doubts whether it's suited for powdering, but worth considering"
comment,c-cf6eefae696b4b1de4,97434834044423057ab2,,pdondrugs,"I've traveled the world with a dope habit. If you have small personal amounts you are fine. My go-to is taking vitamins with me and putting my stash in X amount of the capsules. But honestly I just carry it in a pocket on my backpack the last 5 or so years. This includes coke, H and weed I've all done this with. 0 issue."
comment,c-2b6df9a71840b2d7d2,c-8310dec18def02e9b3,,hnyejanr,"thanks, but really wondering if the risk is that big. people I talked to don't seem to go through extra opsec hoops for it, since it doesn't appear to be one of the substances to raise red flags so fast Also, 1g is up to 20 deep experiences, so quite a bit"
comment,c-85265682f50b80ae3c,c-8310dec18def02e9b3,,GhostShelf,"Totally agree. Why are people still trying to smuggle things through airports? Everyone knows there are lots of cameras, police, sniffer dogs, X-rays... not worth going to jail."
comment,c-8310dec18def02e9b3,97434834044423057ab2,,Freestate_EU,"why risk 1g? its a big hassle for little benefit.  save your record for something actually worth taking the risk for."
post,da9ca872ad38c77c1ff4,,25g Haze per Letter,SkyToucher,"I am planning to buy 25g Haze from a vendor and have a question: Can that still be send within one letter, using the postal service? I already asked the vendor but he didn't answer. Or should I order only 10g because that fits better in a letter?"
comment,c-cea9e09bbb767e2e1c,da9ca872ad38c77c1ff4,,Cannabel,"Its totally safe with us (cant speak for other vendors)  We ship 25g bud in a letter and nobody will feel or smell whats inside.  In addition we probably can offer a better price with the same quality than whoever you asked (except US vendors) =)"
comment,c-25fe1495a2c12eb274,da9ca872ad38c77c1ff4,,yougogirl,"The most I've ordered at once was a QP(quarter pd) and didnt have any problems. But now I mostly try to keep it at 2 oz at a time. Its important to mention that this was all domestic, if you were to order overseas then I would keep the volume low."
comment,c-ba7493cc24ab657522,da9ca872ad38c77c1ff4,,GreenConnection,"You can do it with not problems, its totally safe!  :)"
post,38ae1fc2980419a18094,,Does MXE still exist anywhere?,ilikeketamine123,"I know it's completely extinct on the street, but is there any hope of obtaining some (or at least a close analog) though the dark web?  I never got the chance to use it but I've heard that it's like a better, longer lasting ketamine, and, as you could probably guess from my name, that sounds extremely appealing to me. I at the very least want to try it once; it's been on my drug bucket list for a long time.  So is there any hope of obtaining some? Or is it all gone from the face of the earth? Like I've heard that at least Quaaludes are kind of overrated, but so many people praise methoxetamine for being the best dissociative they've ever tried, so I really feel like I missed out."
comment,c-fb00c591855c7f76c6,38ae1fc2980419a18094,,SlutFarmer,"Honestly just do PCP. Similar experience, just a bit more wirey. All the horror stories you here are because of dumb ass people doing 10x the right dose."
comment,c-b76d9652f932a9f7e8,38ae1fc2980419a18094,,Riftchems,we will see soon enough
post,806838f1e19939ffcaaa,,Smuggling rosin on an international flight?,Slowthai,"If someone was to smuggle let's say an ounce of rosin on an international flight, how would they go about achieving this? Assuming they have access to a vaccum sealer? The route would be from a legal to an illegal country.   Looking forward to hearing your thoughts!"
comment,c-4ef6fe1b0b40278e1e,806838f1e19939ffcaaa,,blackhorn19,"It's risky bro  ,Don't do that mistake"
comment,c-e170b354e31a9a7738,806838f1e19939ffcaaa,,jake0126,i just wouldnt even risk it. you NEED to pass customs. so fuck that.
comment,c-8c55c1c50372a27f87,806838f1e19939ffcaaa,,pray,"Bad idea, there is better ways to get packs in to an illegal country. Unless you prefer to go to prison."
comment,c-a06574eb8d25179269,c-f4e4b41fa24e00547a,,jam3,keister it. only way
comment,c-f4e4b41fa24e00547a,806838f1e19939ffcaaa,,sabb15,Anus bro. Right in the anus.
comment,c-405ffc57b23f365cf7,806838f1e19939ffcaaa,,FinesH,why don't you ship it yourself in a letter?
comment,c-d5a271d2c8fe444476,806838f1e19939ffcaaa,,MinusMacher,"In some countries you can get licenses to transport medical weed to other countries, sometimes even illegal countries without medical weed (in Schengen for example). Otherwise you can try to make edibles out of it and put them into a bag with lots of other food."
comment,c-43ae6fd96022990ae9,806838f1e19939ffcaaa,,MetAFoe,Check your destination laws and be careful and well aware of your surroundings
comment,c-d7bc6c371d2fa66dff,806838f1e19939ffcaaa,,SlutFarmer,[removed]
post,88b5e3bfbf95f2d2108a,,"package issue, what should I do?",randomaccount999,"sent package to buyer, 3rd party tracking shows order as delivered buyer said item didn't show. USPS shows address as invalid despite it being same the buyer gave. Buyer said his address may be burnt due to a prior order. Package attempted to return to sender (fake address). Package then was sent to GA where item's that are considered lost/underliverable goto. Now package is being sent back to the county it was sent from. Any tips? Should I clean house and go on vacation mode for some time? What should I do? Check tracking today, shows as moving through system in city near location it was sent from. (Not checking tracking anymore, every time tracking was checked was via a vpn or proxy). County it was re-sent too has fingerprints in the system from a decade ago.  Order was nothing big, small $60-$70 order package of some benzo's.  This has me worried as it was already attempted to be resent to sender and failed, went to GA where packages that are lost/etc are opened/auctioned but is now back in my county. What should I do?"
comment,c-6f24436fa8a6bd91a5,88b5e3bfbf95f2d2108a,,MetAFoe,As a Vendor you should know better
comment,c-c1ca7bd7a30601f5d7,c-874fa7df9e14e5b5e1,,white_thrash,Notorious knew the way
comment,c-874fa7df9e14e5b5e1,88b5e3bfbf95f2d2108a,,trippymane,"In the words of the great american philosopher, biggie smalls  Rule 5 of the ten crack commandments  ""never sell no crack where you rest at I don't care if they want an ounce, tell 'em ""bounce!"""""
comment,c-400c8a93f163e80f32,88b5e3bfbf95f2d2108a,,Tre,"I wouldn't sweat it but yeah in the future before sending packs you should validate the address to avoid these issues. Also, you need to start wearing latex gloves when packaging & you need to do much better on OPSEC to be honest.  As for the buyer, obviously they are shit out of luck. With that said, i think you are over stressing."
post,5def8253e4e88845a0db,,truegenerics  Legit??,NierAuto,"Wanna buy some accutane from him on Dark Matter Market since im broke af buttt is heeeeeeee LEGIT????"
post,e6a96d14edc2728999fa,,Dark Matter is using two naked lesbians in Dread ads ‚Äî is this just clickbait?,GhostShelf,"Is it just me, or is Dark Matter Market using two hot naked lesbians to draw users to their site? I have to admit, it worked on me. It would make more sense if DrugHub did it."
comment,c-609e781b276644d38b,c-f25ce477b1e85ca723,,DrugHub,"That's not my line, Paris said it a while ago but yeah I like it."
comment,c-f25ce477b1e85ca723,c-a4b9370c4b7264c5a0,,GhostShelf,Short and true. Best one so far LMAO
comment,c-8723c3f19bdefdd84d,c-a4b9370c4b7264c5a0,,StopBeingGay,[removed]
comment,c-815b875d0f65452fcb,c-a4b9370c4b7264c5a0,,StopBeingGay,[removed]
comment,c-a4b9370c4b7264c5a0,e6a96d14edc2728999fa,,DrugHub,Tits get clicks.
comment,c-06cad584af5200ecd0,c-6657bdc06472e76d72,,StopBeingGay,[removed by moderators]
comment,c-6657bdc06472e76d72,c-b4bd1aacb43322698b,,GhostShelf,Same here. These guys know marketing ‚Äî no doubt about that.
comment,c-3184bfdb06d00e2184,c-b4bd1aacb43322698b,,StopBeingGay,[removed]
comment,c-b4bd1aacb43322698b,e6a96d14edc2728999fa,,Wilhelmo,Yes they do and it caught my attention as well. :D
comment,c-7c65cb360920f57465,c-535c3e26a7dfd68638,,Fyodor-MD,"no. i like seeing cash and drugs , not naked women."
comment,c-535c3e26a7dfd68638,c-a993cb327a04d11c61,,Phobos36,"/u/Fyodor-MD  Do you not like naked wymenz, Kevin Fyodor?"
comment,c-a993cb327a04d11c61,c-05dde89c100721443f,,GhostShelf,He doesn't like chicks?
comment,c-743b37f2cdd0fb1c4e,c-ab7cf11ed85d202828,,Fyodor-MD,we run this thread !
comment,c-ab7cf11ed85d202828,c-05dde89c100721443f,,StopBeingGay,[removed]
comment,c-05dde89c100721443f,e6a96d14edc2728999fa,,Phobos36,"Ask Kevin Fyodor about it, he's the only one who has a problem with it. /u/Fyodor-MD, explain yourself mister Kevin Fyodor, dean of /d/CafeDread."
comment,c-1d467c6c7d757e8552,c-8895d274879a11e5c0,,GhostShelf,I don't think so lol. There should be a NSFW warning.
comment,c-6567d9e1bbea8f24ec,c-8895d274879a11e5c0,,StopBeingGay,[removed]
comment,c-8895d274879a11e5c0,e6a96d14edc2728999fa,,HarrierDoBois,It has already been joked that such advertising can be seen by children?
comment,c-65ec8229c9a69185dd,e6a96d14edc2728999fa,,Lyubovina,Hot lesbians in your area want to skim cards
comment,c-d3ee486f89dc3adae5,c-25d9e30b76825cd5e0,,GhostShelf,LMAO hahaha
comment,c-e4081c6260965fe9f8,c-e87158ded70ad47888,,awfulname,shut up baby bottle your opinion is null
comment,c-e87158ded70ad47888,c-25d9e30b76825cd5e0,,StopBeingGay,[removed]
comment,c-25d9e30b76825cd5e0,e6a96d14edc2728999fa,,awfulname,Would be more effective if they showed some butt imo
comment,c-c7d717c1679935203c,c-b508826abf531ad487,,GhostShelf,Naked lesbians next to DrugHub really gives a porn vibe.
comment,c-b508826abf531ad487,e6a96d14edc2728999fa,,Und3rgr0und,"Thought there was finally porn on dread, I was wrong."
comment,c-0a61f8107442b8a04a,c-4c1032c3b38781a9d5,,GhostShelf,Is more than enough. Dread makes me horny.
comment,c-4c1032c3b38781a9d5,c-4036c59658913da04a,,amicursed,is a small thumbnail is enough to jerk u off ?
comment,c-4036c59658913da04a,c-6d0b8ae9c46f8b54f0,,GhostShelf,People come to buy drugs and end up jerking off.
comment,c-8b134b87e215a8c108,c-6d0b8ae9c46f8b54f0,,StopBeingGay,[pending moderation]
comment,c-6d0b8ae9c46f8b54f0,e6a96d14edc2728999fa,,amicursed,"yeah people who has idea to buy goods come to dread , then they show this ,  and people forget to buy goods and click that ,  then they see dark matter then decide to buy ..   but still there are some female audience as well like , like who cook meth and caught by cops in Australia,  they click these type of things out of curiosity, like what's happening here , and again find dark matter,   I don't think lesbians have that brain to do stuff like these woman do , so lesbians are not (the target audience)  .   so everyone is covered."
comment,c-aa39b855298472274c,e6a96d14edc2728999fa,,Steff,"oh you mean the free naked lesbians bonus with every gram purchase? Yeah, they are just handing them out like candy"
comment,c-d86959a683c1ec75a2,c-191d425d3fb72f2504,,StopBeingGay,[pending moderation]
comment,c-191d425d3fb72f2504,e6a96d14edc2728999fa,,Tre,"Given the amount of homosexuality around here, i'm actually shocked someone noticed the tits.   Good for you man, good for you"
comment,c-7f6052b322bb4798a0,e6a96d14edc2728999fa,,Themeaningfulhit,half of their advertisement are just porn. and guess what? It works!
comment,c-b28bc1b5e2f716c5d4,c-9141fb6372c2560a24,,StopBeingGay,[removed]
comment,c-9141fb6372c2560a24,e6a96d14edc2728999fa,,pgpfreak,It works. But it's lazy.
comment,c-eecae8e0e7e81541e7,e6a96d14edc2728999fa,,StopBeingGay,[pending moderation]
comment,c-e58520e7324d40d301,e6a96d14edc2728999fa,,Thaddeus,It does work hmmm
comment,c-d77f0bd7b789d8ef06,e6a96d14edc2728999fa,,Alpha_Bae,"I see two dinosaurs 2 Lick-a-lotta-puss"
post,5dd1df10f43cc246ece8,,I have a question..,bkstreetathlet3,"Let's say theoretically here, that you go onto a market, and while browsing you come across a listing from a 'red flag' country with customs that looks both appealing and cheap, but have a appallingly low chance of making it through customs at the destination country.  I browse through their feedback and it seems OK, more positive than negative but there are some negative feedback there that I can‚Äôt ignore, things like my pack never arrived, communication stopped etc that do no instill confidence in me in the slightest.   Against my better judgment, after staring at the photos of the listings and I had an idea in my head that I could use the listing for and turn them into something I wanted even more greatly. So I decided to do a test order, just a small one. Encrypted my details and sent it off.  Being from the other side of the world I kind of did the old ‚Äòclick and forget‚Äô and went about my life, hoping for a lovely surprise one day that my package had arrived against all odds.  Well, turns out, I‚Äôm a fuckwit. Of course nothing came, they took my $17AUD and ran for the hills. And I‚Äôm not talking a brisk jog for the hills, I imagine these were running that fast in their leather strapped sandles the friction created smoke so thick and acrid the dude running last ended up hanging out the back end of a goat attached by his genitalia.  Now I am getting a bit off topic here, moral of the story is I was AFK (silly) and missed the auto finalize so this vendor got their coins without sending the pack IMO. So I sent them a message and explained my situation. To which they said, just keep waiting, it‚Äôll show up. (Mind you, it had been 5 weeks by this stage).   I eventually got annoyed, sent them a message saying don‚Äôt worry about it, you‚Äôre clearly a scammer and I will just post my findings on every forum that I am on and let everyone know that you selectively scam your clients. I left bad feedback warning other customers to tread lightly with this vendor.  I get a message from them saying please send your XMR wallet and we will refund you your money, (something insignificant ~ 25USD). I thought this was a nice tough after all of the running and mucking around that had already been done with this order, I had gotten over it and really just wanted to hear nothing more of it.  The vendor then goes: ‚Äò I will refund you your money, and you will change your feedback to 5 stars‚Äô.  Straight away that didn‚Äôt sit well with me, just because I get my $~20 back doesn‚Äôt make this experience anywhere near 5 stars. Without follow up I wouldn‚Äôt have even gotten that. So I thought that was misleading, so I created a ticket and asked a mod, I said he‚Äôs offering to pay me here to change reviews to untruthful ones, because his customer service stealth and comms are all under 5.  Mods said there‚Äôs nothing wrong with that. Maybe I‚Äôm missing something here but is that right? I just seem to think it‚Äôs going to lead to a shit load of vendors with reviews that aren‚Äôt really genuine and can be very misleading for you and I when we go to make an order.  Maybe I‚Äôm just overthinking this, it has been a very big week.   What do you think?  Should vendors be able to pay customers to put misleading information up as reviews in return for coin/product?  B"
comment,c-d32cec7e220f3eb6d3,5dd1df10f43cc246ece8,,AutoModerator,Go to /d/monero for information on obtaining xmr.  This comment was posted automatically by a bot. All AutoModerator settings are configured by individual communities. Contact this community's Moderators to have your post approved if you believe this was in error.
comment,c-e088c41a707f0a5818,5dd1df10f43cc246ece8,,DietLean,"Very cool project. I too enjoy writing about experiences in a way others will find interesting and not leaving me on the edge of my seat expecting to eventually get to a conclusion. i read on and on. its clear you‚Äôre a customer and not a potential biased opinion stalling for time so i stay on your thread. You really should have offered them the chance to send you a refund in return for a review that explains the experience you had but also the positive resolution.   I like the part you divulged on basically begging for something to instil confidence in your purchase, it really resonates. My first time i spent hours finding the best combination of drugs to buy before finding at checkout there was a minimum order quantity MOQ. for all i know it was a market-vendor collaboration scam where they have a database for all the custom‚Äôs love-letters so therefore buying only a small quantity would surely undermine scanning technology, a small time guy like me doesnt want to buy a minimum of ten seeds and per variety 4 seeds (so a minimum of 12, if you do the math which they obviously haven‚Äôt). Im really hoping my deposit goes through of $40, its been 12 hours unconfirmed at 0.00003btc gas on btc network.   At the end of the day, some postage is really expensive and maybe the amount you order turned out to be mostly postage fees for the vendor with little profit."
comment,c-0928dc538e1e7ffa9f,5dd1df10f43cc246ece8,,DietLean,[pending moderation]
post,c5d49ea61ab450006bf6,,Darknet Markets News 05/12/2025,samwhiskey,"‚úÖ SUPERLIST MARKETS ‚úÖ     - /d/Archetyp Archetyp Market - https://archetyp.love /post/94b244f50c8e09bb5a11     - /d/AbacusMarket      - /d/DarkMatterMarket      - /d/Drughub      - /d/ElysiumMarket Asking buyers the following will get your vendor account banned /post/ffc64ddb62c8b942f96d     - /d/TorZonMarket       üíéCONFIRMED MARKET VENDORSüíé      - /u/untitlist Colombian Blow - USA Domestic - Lab Tested - Welcome To untitlist /post/8ee438b83850523d76e0     - /u/FranklinSainnt Bolivian Cocaine 95% / 32‚Ç¨ per gram DISCOUNT /post/a10ac95740dbc26b209d     - /u/ChampagnePink Purest & Highest Rated S-Isomer Ketamine (US to US SUPER SALE) ($11 - $26 per gram) ($600 OUNCES) [1,000+ Sales | 100% Feedback] /post/26a233cf840594ee7771     - /u/WizardofOZs 420: Bud Porn - Smoke Like A Winner - Highest Grade Sativa & Indica Fire by WizardofOZs | US -> WW /post/8b314a7c386ace90591a     - /u/WHITESUPPLY Best wholesale supplier from the Netherlands - 100% delivery and 100% quality /post/637acd7b5b30bbd2685d     - /u/BLACKFRIYAY 5.00 Rating ‚Äì BLACKFRIYAY Unbeatable prices ‚Äì Best price/quality on the DNM - /post/0823346919a8548e7f34     - /u/CanadianLegend [CA - CA] Free Xpresspost l Dilaudid 8mg , Clonazepam 0.5mg , Zopiclone 7.5mg RESTOCKED /post/6dd81e86aab35d35da2b     - /u/GlobalQuality Cocaine, Ketamine, Mdma, 3MMC, Meth, LSD, Amphetamines, Ecstasy | guaranteed reship/refund policies | uncut/unlimited Drugs /post/7cf215ebafde7e053f3b     - /u/pilltastic Archetyp - World Wide Shipping /post/6ba3715310fa8b0c678d     - /u/CannaMeds Abacus Market and DrugHub, we offer flowers from $22-$80 per ounce, concentrates, feminized seeds, international shipping /post/c775a69c07b173f8fd28    ‚ö°Ô∏èPRODUCT REVIEWS‚ö°Ô∏è    PharmacieFr 1000GR SPEED DRY HIGH QUALITY REVIEW /Archetype vendor/ /post/1bc873bf70a05da994ab    [-- /d/GlobalSynthetic --] REVIEW 500GR // Indian Ketamine S-Isomer Sugar / R-Isomer Needle / Rock (Tracked) /post/705b8d6c06aa321fb7fa    /u/FlowerBoyExotics ReViEw with pics /post/579d43c0d49e81ee8911    [REVIEW] POPEYESLiNE MDMA Punisher Ecstasy Pills 300mg /post/9287b5bee18ff68c8033    [REVIEW] /u/FlowerBoyExotics 3x 1g flower sample /post/bef59db4a2a39bd9d099    [REVIEW] /u/CalvinKlein 1g Cocaine 92%+ /post/b67d62b60a1617eb14e1    Berghain Remains, Pygmalion GOhst style /post/5f1fd045f721435b2e67    ‚ù§Ô∏è  WHAT'S HAPPENING ON DREAD? ‚ù§Ô∏è     Either Witchman05 or SamCulper has been a confidental police informant since at least 2018 /post/304b58b0ae0a108d7678     the boy who cried feds /post/b6717e1a940524a71c3b     ü™ô Running a Monero Node is Simple and Secure! /post/f00abc941afcbcf6e78f     daunt.link now also displays a ""suspected phishing"" error /post/9cddfc09b4f616e5e59c     ü™ô Monero at 340$ - last chance to buy before the run? /post/bdd5338da70f9910ad19     Feds seized eXch infrastructure and stole 34 million euros /post/c763115073f4bc103795     OpSec FAQ Series: Which Operating System to Choose /post/bf448ec1a1eef230085b     Post WinstonWolf - 3 Vendors and Some Safety Tips /post/6e5bf416451cf5cd99e0    Half-life of benzos /post/40f22a08d28d3c6fe57c    This is how you stay free, for prolonged periods of time, as a criminal. /post/958460152470b4081f24    winning the arch lotto /post/5bbdf4513ef09ea59b82    Speedlab is back on track /post/69fc3ea766baa5298b80    Tor Network Scraper | .ini based configuration /post/c2ea8836a71d20000c90    You should trust the Session messenger out of those 3 reasons /post/9ba7797ca8666eb53527    will hugbunter ever release a mixtape? /post/cb8e5e4c55f33bc5186d    sellings drugs is not as easy bruh!! /post/5b4bf4de115ba99408d8    Monero Issue With Ring Signatures - High Severity Impact /post/d5d49605b09d220d02a9    Picture of DeSnake and Versus spy/informant SamCulper /post/3fcb0ac5fe35031de7a5    How people in power control people /post/1b588d167fdc13cafa0b    The state of BreachForums /post/7a3ecabf0f410e828117    THC Beverages, why you should make the switch /post/f9f9f961af3add0aa1d6    Chris William Tarbell was the nickname 'CWT' who blackmailed Variety Jones? Silk Road case, the 3rd corrupt FBI agent who extorted darknet markets /post/b2507fd4818c3883cb06    Review and Lab Results: PremiumCocaine (EU - WW available) - New batch May 2025 /post/84e3a19a5db9f6898959    MrWhiteUK Coaine Review (MW22) /post/46b51caf01f2cbf59cc0    Using speed for narcolepsy /post/2334d0f12aee99ad737f    üçº BEST OF THE BABIES üçº    LE corruption in SilkRoad /post/b2507fd4818c3883cb06     Drunk and naked /post/9f47bb296f4285676b46     Big Boss gets a troll poem /post/231702d091a330ced4c2     Bad chatbot /post/c18c063779be292564e0     Another stupid idea /post/7f206c390c5308f5022e            üí© Various Shitposts üí©        - /post/f7a27a303669d9f52a43  - /post/bf6784da7f55c79dc67e  - /post/97c63d2f372274a44b23  - /post/6788d63221d9e91a4350  - /post/c0be097c1edc47de567e     - /post/a75de3e6ba335a92822f  - /post/6ba40aedae0aa541f195  - /post/b03e5eb871798560a54e  - /post/38effdd9f8da406bd99d  - /post/bbe50c02061ad2269b2e     - /post/96304dab3cf4e59c8c4a  - /post/f2b0277509f781599de2  - /post/042d3d49346279fa2145  - /post/6e82f2bb1012ebf0665e  - /post/aeeb7fe2e35555e65fc5"
comment,c-76fe393f03014c0788,c5d49ea61ab450006bf6,,BlackCell,"Nice, thanks, good as always"
comment,c-aff798fea42e7a8395,c5d49ea61ab450006bf6,,WestsideWMD_PR,"Thank you /u/samwhiskey for the weekly updates!  WestsideWMD_PR"
comment,c-d5c50059ded3ff45ee,c5d49ea61ab450006bf6,,BunniSupport,"will hugbunter ever release a mixtape?   Lmao, love this for post i have missed :)"
comment,c-fa345c4e57a2710da6,c5d49ea61ab450006bf6,,lablarry,Thanks for keeping us updated. bravo
comment,c-42f2610bbabdddf225,c5d49ea61ab450006bf6,,amicursed,"selling drugs is not easy , interesting ..."
comment,c-ab65f2e6a73079edd7,c5d49ea61ab450006bf6,,untitlist,Pleasant as always sam. Thank you.
comment,c-b9c8fce17b6253be98,c5d49ea61ab450006bf6,,WizardofOZs,"Great roundup. Never really expect to laugh when I read Dread but some of these threads do the trick!  Cheers,  WOZ"
comment,c-828c6348d237c7f004,c5d49ea61ab450006bf6,,RaxPomana,"OMG, my post is is there! How would be stupid?? This is what got me into the news! Thank you anyway!"
post,5cedae0638227dec20f9,,modusvivendi busted or still active?,ajulin,"Since 2 month the vendor modusvivendi mostly has negative feedback.  Is he still active or busted by LE?"
comment,c-f304a3f835d1985dfc,5cedae0638227dec20f9,,Aaku678Aaku678,[pending moderation]
comment,c-7dd76b77f30d6b2d5b,5cedae0638227dec20f9,,HugBunter,"Seems he was busted with Pygmalion, he was named in the press release and I know they worked closely together. His onion address was also seized."
comment,c-ddf0455ee1b2c07fe9,5cedae0638227dec20f9,,spidimcguier,"Busted, it was Pygmalions team behind it and/or a collaboration of both."
comment,c-6e176720cd037b1098,5cedae0638227dec20f9,,PuffPuff5,He was one of the better German vendors
post,ba8587094e96c2874ccf,,ParcelPending?,m4dness,"I recently moved to a new apartment and instead of packages getting delivered to my doorstep, it gets delivered to this third party company called ""ParcelPending"" which basically made me make an account with them that will leave my packages in this locker parcel that is next to the leasing office. I also have a mailbox but you know some packages get dropped at the door or in my case this ""parcelpending"" locker that I have. I just want to know if it's cool for me to still ship to my address or if it'll be a problem. I don't want any issues with any of my vendors so I just want to make sure it's cool before I make an order. This ""ParcelPending"" account is set up everything under my name as well. They usually email me when a package has arrived with a code to unlock the locker. Thank yall for helping."
comment,c-976d4359e30a4bf2f6,c-1b1de9a684cc868a86,,m4dness,"Ok cool thanks, I just never heard of that before"
comment,c-1b1de9a684cc868a86,ba8587094e96c2874ccf,,Kainara,"Well If your asking if you should be shipping to your address then it is less likely for any issues to arise from shipping directly to your residence (Unless you have a ""Drop"" that's properly setup of course.) But if you want to use Parcel Pending that should work also and they will most likely not suspect anything due to previous orders etc."
comment,c-680a1a90a929d3d561,ba8587094e96c2874ccf,,Aaku678Aaku678,[pending moderation]
comment,c-44d04dfda3650c953f,c-b1084ae63840a91aac,,m4dness,"Makes sense, thanks"
comment,c-b1084ae63840a91aac,ba8587094e96c2874ccf,,Beelzebub,"The post office is unlikely to use a third party to deliver your mail. You should check that I'm right.   Vendors don't generally use transport companies. You need to check that, too.   If it fits in your letterbox, the postman will leave it there. If it's too big for that, I doubt the postman would leave it in a publicly accessible place in a block of units. You would probably need to pick it up at the Post Office.      I'm an Aussie. What I've told you works here. You need to check the information if you live in the US."
post,bb60ac95f16bac956c88,,whole drop's worth of packs never scanned at all. (also never arrived) USA,packrattt,"Veteran vendor here.  have various hubs with shipping staff around the country(USA)  use crypto postage options.  spread out drops in various cities around various states.  had a drop two weeks ago of about 10 flat rate packs.  never scanned. never arrived. never heard a word. .  Been in this scene for many years.  never seen something not even get an intake scan that was seized.   if it was an investigation. I dont see them handling it like that... just disappearing the whole drop. maybe opening a few and checking what's in it. then shipping them out(contents not that bad by dnm standards)  anyone else have this happen?   stolen?  seized?"
comment,c-74ec4f1c8a2bfe20c8,c-23b1c9f3393dd3dd04,,MetAFoe,Thank You Brother üíØ
comment,c-23b1c9f3393dd3dd04,c-7e1d025630b85bd71d,,blackhorn19,+1 High Chances For This too
comment,c-7e1d025630b85bd71d,bb60ac95f16bac956c88,,MetAFoe,"Middle men shippers the vendors team could of played the Boss and ran off and printed Labels through PC and got info back to the boss like it was out and ready but nothing ever updates and people never dispute, it's selective scamming through no fault of the vendor and alliances formed to help competitors or create conflicts with the team, get rid of your hub and get people you can trust"
comment,c-d8251d40d8b6175928,bb60ac95f16bac956c88,,blackhorn19,"Probably Stolen brother  Happen on my case"
comment,c-9a5fc55a7f85d6792f,c-c7b17c02fea67b6e64,,DojaDesperado,The simplest explanation is usually the correct one. I'd bet you have a weak link.
comment,c-2412f59f153bec101a,c-c7b17c02fea67b6e64,,HorkyPorky,"Your guy def stole those packs lol, or he otherwise lost them through some form of incompetence."
comment,c-99b1a0bb98c8c0d810,c-c7b17c02fea67b6e64,,Tre,"Ah, it still doesn't look good. Best case scenario your runner robbed you which, it happens. Worst LE is sitting on that drop. There is also a chance the carrier lost the entire drop but that's a reach and personally it would be hard for me to convince myself of that.   If you've ever read vendor arrest, it almost always involves LE sitting on a drop and snatching up all the packages, so personally that's what i would be most concerned with."
comment,c-c7b17c02fea67b6e64,c-4c7629c47c20833256,,packrattt,"to clarify. this was just one drop, by one person, at one location.   didn't happen across the board to the operation."
comment,c-4c7629c47c20833256,bb60ac95f16bac956c88,,Tre,"How solid is your team? Are any addicts or have a past history of using ? It's not uncommon for them to run off with the bag.   If you are 100% sure that hasn't happened then i would imagine it has something to do with the crypto postage. No way that many packages were lost, all from different locations going different places. The only real common denominator is you paying the postage with crypto.   If it were me and i was absolutely sure no one on the team was involved i'd burn everything down to the ground and start over. New shop, vendor name, drops & new shipping methods (no crypto postage postage)."
comment,c-e39d1b6c0db44cdc5e,bb60ac95f16bac956c88,,Beelzebub,"In ten years of buying drugs on the Darknet, I've never had a package that didn't scanned.  I've had a small percentage delivered to the wrong address and a couple that disappeared along the way.  Every sent parcel was scanned at the point of origin mail center. In that time, I've received well over 100 parcels."
comment,c-8c03cc2f4f4682ad2b,bb60ac95f16bac956c88,,SlovenianPlugInUSA,"'use crypto postage options.'  Risky  'anyone else have this happen?'  Happened. Shipping team busted <1yr after. Packages not mentioned in documents on PACER. Unsure if seized. Likely shipping team member stealing."
